,Baetid,America,Mayoba ,Calliba,Caenis,Ulmerit,Farrode,Thraulodes,Leptohy,Anacron,Hetera,Libellul,Elga,Macroth ,Coenagr,Argia,Perissol,Epigomp,Erpeto,Desmog ,Phyllog,Progomp,Agriog ,Gerrida,Rhagov ,Austrolim,Heterel,Hexacyl,Neoelmi,Macrelm,Xenelm,Gyrete ,Ptiloda,Sthaphyli,Scirtidae,Coleopt,Sialis ,Phylloi,Banyall,Marilia,Macronema,Smicri ,Macroste,Neotric,Nectops,Oecetis,Triplec,Chimarr,Polycen,Atopsyche,Culici,Tipuli,Hexatom,Molophilos,Simuli,Ceratop,Forcipo,Xestoch,Tanytar,Chirono,Ortochl,Tanypod,Neoplas,Hemerodr,Chrysop,Clognia,Ephydridae,Acari,Platyhe,Crab,Sphaeri,Oligoch,Hyrudin,Polycha,Nematom,Copepod,Collemb
Jan-97,0,0,0,0,0,0,890.8,0,0,0,0,0,0,0,0,0,0,1467.2,0,0,0,0,0,0,0,0,0,786,52.4,0,52.4,0,0,0,0,0,0,104.8,0,52.4,471.6,0,0,0,0,0,0,0,0,0,0,0,995.6,0,0,2358,0,262,3720.4,2672.4,419.2,2253.2,0,104.8,0,0,0,104.8,0,0,0,524,0,52.4,157.2,0,0
Feb-97,52.4,0,0,0,0,0,786,0,0,52.4,0,0,0,0,0,0,0,104.8,0,0,52.4,0,0,0,0,0,104.8,209.6,0,0,0,0,0,0,0,0,0,52.4,0,0,2462.8,0,0,0,0,0,0,0,0,0,0,52.4,1467.2,0,0,2829.6,0,52.4,7598,2672.4,786,2253.2,52.4,0,0,0,0,52.4,52.4,0,0,419.2,0,0,104.8,0,52.4
Mar-97,0,0,0,0,0,0,0,0,0,0,0,0,0,52.4,0,0,0,52.4,0,0,0,0,0,0,0,0,0,314.4,0,0,104.8,52.4,0,0,0,0,0,104.8,0,104.8,157.2,0,0,0,52.4,0,0,0,0,0,0,104.8,52.4,0,0,471.6,0,0,1152.8,1048,157.2,2986.8,0,0,0,0,0,0,0,0,0,157.2,0,0,0,0,0
Apr-97,0,104.8,0,0,0,0,157.2,0,0,0,0,0,0,0,0,0,0,52.4,0,0,0,0,0,0,0,0,0,419.2,0,0,52.4,0,0,0,0,0,0,0,0,0,157.2,104.8,0,0,0,0,0,0,0,0,0,0,0,0,0,1362.4,0,52.4,3353.6,1834,471.6,2829.6,0,0,0,0,0,0,0,0,0,0,0,0,0,52.4,52.4
May-97,0,0,0,0,0,0,157.2,0,0,0,0,0,0,0,0,0,0,52.4,0,0,0,0,0,0,0,0,0,104.8,0,0,52.4,0,0,0,0,0,0,0,0,0,52.4,0,0,0,0,0,0,0,0,0,0,366.8,0,0,0,628.8,0,0,628.8,419.2,576.4,1205.2,0,0,0,0,0,104.8,0,104.8,0,366.8,0,0,104.8,104.8,0
Jun-97,0,0,0,0,0,0,52.4,0,0,0,0,0,0,0,0,0,0,0,0,0,0,0,0,0,0,0,0,157.2,0,0,0,0,0,0,0,0,0,0,0,0,52.4,0,0,0,0,0,0,0,0,0,0,0,0,0,0,52.4,0,104.8,576.4,681.2,0,1414.8,0,0,0,0,52.4,0,0,52.4,0,0,0,0,0,0,0
Jul-97,0,0,0,0,0,0,524,0,0,366.8,104.8,0,0,0,0,0,0,314.4,0,0,0,0,0,0,0,52.4,0,104.8,0,0,52.4,0,0,0,0,0,0,157.2,52.4,0,366.8,0,52.4,52.4,0,0,0,576.4,0,0,0,157.2,733.6,0,0,7336,0,786,4768.4,5240,681.2,2358,0,0,0,0,52.4,209.6,0,0,52.4,419.2,0,0,104.8,157.2,0
Aug-97,0,52.4,0,0,0,0,157.2,0,0,0,0,0,0,0,0,0,0,209.6,0,0,0,0,0,0,0,0,0,0,0,0,0,0,0,0,0,0,0,104.8,0,0,0,0,0,0,0,0,0,0,0,0,0,0,104.8,0,0,471.6,0,104.8,262,1886.4,157.2,1048,0,0,0,0,0,0,0,0,0,104.8,0,0,52.4,0,0
Sep-97,0,0,0,0,0,0,314.4,0,0,0,0,0,0,0,0,0,0,262,0,0,104.8,0,0,0,0,0,0,0,0,0,0,52.4,0,0,0,0,0,0,104.8,0,0,0,0,0,0,0,0,0,0,0,0,52.4,0,0,0,1414.8,0,0,471.6,1048,1624.4,1624.4,0,0,0,0,0,52.4,0,0,52.4,104.8,0,0,0,0,0
Oct-97,0,0,0,0,0,0,366.8,0,0,0,0,0,0,0,0,0,0,104.8,0,0,0,0,0,0,0,0,0,104.8,0,0,0,0,0,0,0,104.8,0,52.4,0,0,838.4,0,0,0,0,0,209.6,0,0,0,0,0,104.8,0,0,838.4,0,157.2,1938.8,1362.4,52.4,2148.4,0,0,0,0,0,0,0,0,0,52.4,0,0,0,0,0
Nov-97,0,0,0,0,0,52.4,419.2,0,0,52.4,0,0,52.4,0,0,0,0,52.4,0,0,52.4,0,52.4,0,0,0,0,157.2,0,0,0,0,0,0,0,52.4,0,262,0,0,262,0,0,0,104.8,0,314.4,0,0,0,0,0,0,0,0,419.2,0,52.4,1100.4,1676.8,209.6,3039.2,0,0,52.4,0,0,0,0,0,0,0,0,0,0,52.4,0
Dec-97,0,52.4,0,0,0,52.4,0,0,0,0,0,0,0,0,0,0,0,52.4,0,0,157.2,0,0,0,0,0,0,262,0,0,0,0,0,0,0,0,0,52.4,0,0,209.6,0,0,0,52.4,0,262,0,0,0,0,419.2,0,0,0,733.6,0,52.4,943.2,1362.4,0,2043.6,0,0,0,0,0,0,0,0,0,52.4,0,52.4,0,0,0
Jan-98,0,0,0,0,52.4,0,366.8,0,0,0,0,52.4,104.8,0,0,52.4,0,52.4,0,0,0,0,0,0,0,0,0,52.4,0,0,0,0,0,0,0,0,0,366.8,0,0,1310,0,0,0,0,0,0,0,0,0,0,157.2,52.4,0,0,995.6,0,0,1624.4,3196.4,314.4,2305.6,0,0,0,0,0,52.4,0,52.4,104.8,0,0,0,0,0,0
Feb-98,0,0,0,0,0,0,0,0,0,0,0,0,0,0,0,0,0,52.4,0,0,0,0,0,0,0,0,0,0,0,0,0,0,0,0,0,104.8,0,52.4,0,0,52.4,0,0,0,0,0,0,0,0,0,0,0,52.4,0,0,314.4,0,0,1362.4,1048,366.8,943.2,0,0,0,0,0,0,0,0,0,838.4,52.4,0,366.8,52.4,0
Mar-98,0,0,0,0,0,0,0,0,0,0,0,0,0,0,0,0,0,0,0,0,0,0,0,0,0,0,0,52.4,0,0,0,0,0,0,0,0,0,0,0,0,52.4,52.4,0,0,0,52.4,52.4,0,0,0,0,52.4,104.8,0,0,366.8,0,52.4,943.2,1624.4,52.4,1152.8,0,0,0,0,0,52.4,104.8,0,0,628.8,52.4,0,419.2,157.2,0
Apr-98,0,0,0,0,0,0,52.4,0,0,0,0,0,0,0,0,0,0,52.4,0,0,52.4,0,0,0,0,0,0,52.4,0,0,0,0,0,0,0,0,0,0,0,0,52.4,0,0,0,0,0,0,0,0,0,0,0,52.4,0,0,628.8,0,0,5659.2,1834,104.8,3510.8,0,0,0,0,0,0,0,0,0,0,0,0,0,0,0
May-98,0,0,0,0,0,0,0,0,0,0,0,0,104.8,0,0,0,0,0,0,0,0,0,0,52.4,0,0,0,0,0,0,0,0,0,0,0,0,0,0,0,0,0,0,0,0,52.4,0,0,0,0,0,0,0,0,0,0,104.8,0,0,3248.8,1414.8,0,1362.4,0,0,0,0,0,0,0,0,52.4,0,0,0,52.4,52.4,0
Jun-98,0,0,0,0,0,0,52.4,0,0,0,0,0,0,0,0,0,0,157.2,0,52.4,0,0,0,0,0,0,0,52.4,0,0,0,0,0,0,0,0,0,0,0,0,0,0,0,0,0,0,0,0,0,0,0,0,104.8,0,0,524,0,0,1886.4,943.2,0,1152.8,0,0,0,0,0,0,0,0,0,52.4,0,0,0,0,0
Jul-98,0,0,0,0,0,0,52.4,0,0,52.4,0,0,0,0,0,0,0,0,0,0,0,0,52.4,0,0,0,0,0,0,0,0,0,0,0,0,0,0,0,0,0,0,0,0,0,0,0,0,0,0,0,0,104.8,0,0,0,576.4,0,157.2,419.2,576.4,0,943.2,0,0,0,0,0,52.4,0,0,0,104.8,0,0,104.8,0,0
Aug-98,0,0,0,0,0,0,0,0,0,0,0,0,0,0,0,0,0,0,0,0,0,0,0,0,0,0,0,0,0,0,0,0,0,0,0,0,0,157.2,0,0,52.4,0,0,0,0,0,0,0,0,0,0,0,0,0,0,0,0,104.8,419.2,1624.4,0,628.8,0,0,0,0,0,0,0,0,0,104.8,0,0,0,0,0
Sep-98,0,0,0,0,52.4,0,0,0,0,0,0,0,0,0,0,0,0,0,0,0,0,0,0,0,0,0,0,0,0,0,0,0,0,0,0,0,0,0,0,0,52.4,0,0,0,0,0,0,0,0,0,0,104.8,0,0,0,314.4,0,52.4,4506.4,2672.4,52.4,1257.6,0,0,0,0,0,0,0,0,0,52.4,0,0,52.4,0,0
Oct-98,0,0,0,0,0,0,0,0,0,0,0,0,0,0,0,0,0,52.4,0,0,209.6,0,0,0,0,0,0,0,0,0,0,0,0,0,0,0,0,0,0,0,0,0,0,0,0,0,0,0,0,0,0,0,0,0,0,52.4,0,104.8,890.8,366.8,0,524,0,0,0,0,0,0,0,0,0,0,0,0,0,0,0
Nov-98,0,0,0,0,0,0,0,0,0,0,0,0,0,0,0,0,0,52.4,0,0,104.8,0,0,0,0,0,0,52.4,0,0,0,0,0,0,0,0,0,0,0,0,0,0,0,0,0,0,209.6,0,0,0,0,0,0,0,0,681.2,0,314.4,1362.4,2358,52.4,943.2,0,0,52.4,0,0,0,0,0,0,157.2,0,0,52.4,52.4,0
Dec-98,0,0,0,0,0,0,0,0,0,0,0,0,0,0,0,0,0,52.4,0,0,104.8,0,0,52.4,0,0,0,0,0,0,0,0,0,0,0,0,0,0,0,0,0,0,0,0,0,0,0,0,0,0,0,0,0,0,0,419.2,0,104.8,733.6,681.2,52.4,524,0,0,0,0,0,0,0,0,52.4,52.4,0,52.4,0,0,0
Jan-99,0,0,0,0,0,52.4,0,0,0,0,0,52.4,52.4,0,0,0,0,0,0,0,0,0,0,0,0,0,0,0,0,0,0,0,0,0,0,0,0,0,0,0,0,0,0,0,52.4,0,0,0,0,0,0,0,0,0,0,471.6,0,262,1781.6,943.2,52.4,838.4,0,0,0,0,0,0,0,0,0,0,52.4,0,104.8,52.4,0
Feb-99,0,0,0,0,0,0,0,0,0,0,0,0,0,0,0,0,0,52.4,0,0,0,0,0,0,0,0,0,0,0,0,0,0,0,0,0,0,0,0,0,0,52.4,0,0,0,52.4,0,0,0,0,0,0,0,0,0,0,262,0,0,2829.6,2253.2,52.4,733.6,0,0,0,0,0,52.4,0,0,0,52.4,0,0,0,0,0
Mar-99,0,0,0,0,0,0,52.4,0,0,0,0,0,0,0,0,0,0,104.8,0,0,0,0,0,0,0,0,0,0,0,0,0,0,0,0,0,52.4,0,0,52.4,0,52.4,0,0,0,0,0,0,0,0,0,0,0,0,0,0,419.2,0,52.4,2986.8,3668,157.2,2462.8,0,0,0,0,0,0,0,0,52.4,52.4,0,0,0,314.4,52.4
Apr-99,0,0,0,0,0,0,0,0,0,0,0,0,0,0,0,0,0,0,0,0,0,0,0,0,0,0,0,52.4,0,0,0,0,0,0,0,0,0,0,0,0,0,0,0,0,0,0,0,0,0,0,0,0,0,0,0,104.8,0,52.4,628.8,681.2,0,995.6,0,0,0,0,0,0,0,0,0,0,0,0,0,0,0
May-99,0,0,0,0,0,52.4,0,0,0,0,0,0,0,0,0,0,0,0,0,0,104.8,0,0,0,0,0,0,52.4,0,0,0,0,0,0,0,0,0,0,0,0,0,0,0,0,0,0,0,0,0,0,0,0,0,0,0,157.2,0,52.4,2724.8,4401.6,0,1676.8,0,0,0,0,0,0,0,0,0,52.4,0,0,0,0,0
Jun-99,0,0,0,0,0,0,0,0,0,0,0,0,0,0,0,0,0,52.4,0,0,52.4,0,0,0,0,0,0,314.4,0,0,0,52.4,0,0,0,0,0,0,0,0,0,0,0,0,0,0,209.6,0,0,0,0,52.4,0,0,0,52.4,0,52.4,6654.8,5344.8,209.6,3091.6,0,0,52.4,104.8,0,0,0,0,0,0,0,0,0,0,0
Jul-99,0,0,0,0,0,104.8,0,0,0,0,0,0,0,0,0,0,0,262,0,0,52.4,0,0,0,0,0,0,733.6,0,0,0,52.4,0,0,0,0,0,104.8,0,0,52.4,0,0,0,0,0,104.8,0,0,0,0,0,0,0,0,262,0,157.2,4139.6,1676.8,104.8,4244.4,0,0,0,0,0,0,0,52.4,0,0,0,0,52.4,0,0
Aug-99,0,0,0,0,0,0,209.6,0,0,0,0,0,0,0,0,0,0,157.2,0,0,0,0,0,0,0,0,0,0,0,0,0,0,0,0,0,0,0,0,0,0,0,0,0,0,0,0,52.4,0,0,0,0,0,0,0,0,104.8,0,157.2,3930,2672.4,0,2200.8,0,0,0,0,0,0,0,0,0,52.4,0,0,0,0,0
Sep-99,0,0,0,0,0,0,52.4,0,0,0,0,0,52.4,0,0,0,0,0,0,0,104.8,0,52.4,0,0,0,0,157.2,0,0,0,0,0,0,0,0,0,0,0,0,0,0,0,0,52.4,52.4,0,0,52.4,0,0,0,0,0,0,209.6,0,104.8,3877.6,3615.6,104.8,1886.4,0,0,0,0,0,0,0,0,0,0,0,0,0,0,0
Oct-99,0,0,0,0,0,0,0,0,0,0,0,0,0,0,0,0,0,52.4,0,52.4,52.4,0,0,0,0,0,0,157.2,0,0,0,0,0,0,0,0,0,0,0,0,0,0,0,0,0,0,0,0,0,0,0,0,0,0,0,628.8,0,52.4,4558.8,3877.6,52.4,2462.8,0,0,0,0,0,0,0,0,0,0,0,0,0,0,0
Nov-99,0,0,0,0,0,0,0,0,0,0,0,0,0,0,0,0,0,0,0,0,52.4,0,0,0,0,0,0,0,0,0,0,0,0,0,0,0,0,52.4,0,0,0,0,0,0,0,0,0,0,0,0,0,0,0,0,0,209.6,0,0,4401.6,3563.2,52.4,838.4,0,0,0,0,0,0,0,0,0,52.4,0,0,52.4,0,0
Dec-99,0,0,0,52.4,0,0,0,0,0,0,0,0,0,0,0,0,0,0,0,0,0,0,0,0,0,0,0,52.4,0,0,0,0,0,0,0,0,0,0,0,0,0,0,0,0,0,0,0,0,0,0,0,0,0,0,0,0,0,0,2724.8,1572,0,628.8,0,0,0,0,0,52.4,0,0,0,0,0,0,0,0,0
Jan-00,0,0,0,0,0,0,0,0,0,0,0,0,0,0,0,0,0,0,0,0,0,0,0,0,0,0,0,52.4,0,0,0,0,0,0,0,0,0,0,0,0,0,0,0,0,0,0,0,0,0,0,0,0,0,0,0,104.8,0,0,2829.6,1938.8,0,890.8,0,0,0,0,0,0,0,0,0,0,0,0,0,0,0
Feb-00,0,0,0,0,0,0,52.4,0,0,0,0,0,0,0,0,0,0,0,0,0,0,0,0,0,0,0,0,0,0,0,0,0,0,0,0,0,0,104.8,0,0,52.4,0,0,0,0,0,0,0,0,0,0,0,0,0,0,0,0,0,1991.2,2200.8,104.8,1310,0,0,0,0,0,0,0,0,0,0,0,0,0,104.8,0
Mar-00,0,0,0,0,0,0,0,0,0,0,0,0,0,0,0,0,0,0,0,0,0,0,0,0,0,0,0,0,0,0,0,0,0,0,0,0,0,0,0,0,0,0,0,0,0,0,0,0,0,0,0,0,0,0,0,52.4,0,0,1257.6,2200.8,0,524,0,0,0,0,0,0,0,0,0,0,104.8,0,0,0,0
Apr-00,0,0,0,0,104.8,0,209.6,0,0,0,0,0,0,0,0,0,0,0,0,0,52.4,0,0,0,0,0,0,104.8,0,0,0,0,0,0,0,0,0,0,0,0,0,0,0,0,0,0,0,0,0,0,0,52.4,0,0,0,838.4,0,52.4,2253.2,1100.4,471.6,1310,0,0,0,52.4,0,52.4,52.4,0,0,0,0,0,0,104.8,0
May-00,0,0,0,0,0,0,104.8,0,0,0,0,0,0,0,0,52.4,0,0,0,0,0,0,0,0,0,0,0,0,0,0,0,0,0,0,0,0,0,0,0,0,0,0,0,0,0,0,0,0,0,0,0,0,0,0,0,262,0,0,890.8,1100.4,0,995.6,0,0,0,104.8,0,0,0,0,104.8,0,0,0,0,0,0
Jun-00,0,0,0,0,0,0,52.4,0,0,0,0,0,0,52.4,0,0,0,0,0,104.8,0,0,0,0,0,0,0,262,0,0,0,0,0,0,0,0,0,0,0,0,0,0,0,0,0,0,0,0,0,0,0,0,52.4,0,0,419.2,0,0,1257.6,471.6,0,2043.6,0,0,0,0,0,0,52.4,0,0,0,0,0,0,0,0
Jul-00,0,0,0,0,0,0,52.4,0,0,0,0,0,0,0,0,0,0,52.4,0,52.4,0,0,0,0,0,0,0,419.2,0,0,0,0,0,0,0,0,0,104.8,0,52.4,0,0,0,0,52.4,0,0,0,0,0,0,0,0,0,0,576.4,0,0,2515.2,838.4,104.8,1467.2,0,0,0,0,0,0,0,0,0,0,0,0,0,0,0
Aug-00,0,0,0,0,0,0,0,0,0,0,0,0,0,0,0,0,0,157.2,0,0,0,0,0,0,0,0,0,104.8,0,0,0,0,0,0,0,0,0,52.4,0,0,0,0,0,0,0,0,0,0,0,0,0,0,0,0,0,52.4,314.4,0,1100.4,524,104.8,1310,52.4,0,0,0,0,52.4,52.4,0,0,52.4,0,0,0,0,0
Sep-00,0,0,0,0,0,0,0,0,0,0,0,0,0,0,0,0,0,52.4,0,0,52.4,0,0,0,0,0,0,52.4,0,0,0,0,0,0,0,0,0,0,0,0,52.4,0,0,0,0,0,0,0,0,0,0,0,0,0,0,157.2,0,52.4,1100.4,1152.8,0,471.6,0,0,0,0,0,0,104.8,0,0,52.4,0,52.4,0,0,0
Oct-00,0,0,0,0,0,0,0,0,0,0,0,0,0,0,0,0,0,0,0,0,0,0,0,0,0,0,0,0,0,0,0,0,0,0,0,0,0,0,0,0,0,0,0,0,0,0,0,0,0,0,0,0,0,0,0,0,0,0,314.4,314.4,0,157.2,0,0,0,0,0,0,0,0,0,0,0,0,0,0,0
Nov-00,0,0,0,0,0,0,0,0,0,0,0,0,0,0,0,0,0,0,0,0,52.4,0,0,0,0,0,0,0,0,0,0,0,0,0,0,0,0,0,0,0,0,0,0,0,0,0,0,0,0,0,0,0,0,0,0,0,0,0,733.6,419.2,0,366.8,52.4,0,0,0,0,0,0,0,0,0,0,52.4,104.8,0,0
Dec-00,0,0,0,0,0,0,52.4,0,0,0,0,0,0,0,0,0,0,0,0,0,0,0,0,0,0,0,0,52.4,0,0,0,0,52.4,0,0,0,0,0,0,0,104.8,0,0,0,0,0,0,0,0,0,0,0,0,0,0,262,0,104.8,786,1834,0,628.8,0,0,0,0,0,0,52.4,0,0,52.4,0,52.4,0,0,0
1-Jan,0,0,0,0,0,0,52.4,0,0,0,0,0,0,0,0,0,0,0,0,0,52.4,0,0,0,0,0,0,0,0,0,0,0,0,0,0,0,0,0,0,0,0,0,0,0,0,0,0,0,0,0,0,0,0,0,0,104.8,0,52.4,786,2148.4,0,471.6,52.4,0,0,0,0,0,0,0,0,0,0,0,0,0,0
1-Feb,0,0,52.4,52.4,0,0,0,0,0,0,0,0,0,0,0,52.4,0,52.4,0,0,0,0,0,0,0,0,0,157.2,0,0,0,0,0,0,0,0,0,0,0,0,0,104.8,0,0,0,0,0,0,0,52.4,0,0,0,0,0,209.6,0,52.4,7545.6,6130.8,0,733.6,0,0,0,0,0,0,0,0,0,0,0,0,0,0,0
1-Mar,0,0,0,0,0,0,0,0,0,0,0,0,0,0,0,0,0,52.4,0,0,104.8,0,0,0,0,0,0,314.4,0,0,0,0,0,0,0,0,0,0,0,0,419.2,0,0,0,0,0,0,0,0,0,0,0,0,0,0,1048,0,0,10532.4,4034.8,0,3248.8,0,0,0,0,0,209.6,0,0,0,471.6,0,0,314.4,0,0
1-Apr,0,0,0,0,0,0,0,0,0,0,0,0,0,0,0,0,0,0,0,0,0,0,0,0,0,0,0,104.8,0,0,0,0,0,0,0,0,0,104.8,0,0,104.8,0,0,0,0,0,0,0,0,0,0,0,0,0,0,524,0,0,5082.8,2620,0,1152.8,0,0,0,0,0,0,0,0,0,366.8,0,0,0,0,0
1-May,0,52.4,0,0,52.4,0,52.4,0,0,0,0,0,0,0,0,0,0,0,0,0,104.8,0,0,0,0,0,0,0,0,0,0,0,0,0,0,0,0,52.4,0,0,0,0,0,0,0,0,0,0,0,0,0,0,0,0,0,576.4,0,0,6340.4,1834,52.4,1414.8,52.4,0,0,0,0,0,0,0,0,576.4,0,52.4,0,104.8,0
1-Jun,0,0,0,0,0,0,0,0,0,0,0,0,0,0,0,0,0,0,0,0,0,0,0,0,0,0,0,0,0,0,0,0,0,0,0,0,0,0,0,0,0,0,0,0,0,0,0,0,0,0,0,0,0,0,0,209.6,0,0,419.2,471.6,157.2,209.6,0,0,0,0,0,0,0,0,0,209.6,0,0,0,0,0
1-Jul,0,0,0,0,0,0,0,0,0,0,0,0,0,0,0,0,0,52.4,0,0,0,0,0,0,0,0,0,0,0,0,0,0,0,0,0,0,52.4,0,0,0,0,0,0,0,0,0,0,0,0,0,0,0,0,0,0,314.4,0,0,681.2,890.8,0,524,0,0,0,0,0,0,0,0,0,157.2,0,0,104.8,157.2,0
1-Aug,0,0,0,0,0,0,52.4,0,0,0,0,0,0,0,0,0,0,52.4,0,0,0,0,0,0,0,0,0,104.8,0,0,0,0,0,0,0,0,0,0,0,0,0,0,0,0,0,0,0,0,0,0,0,0,0,0,0,471.6,0,0,1205.2,1257.6,0,524,0,0,0,0,0,0,0,0,0,419.2,0,0,52.4,209.6,0
1-Sep,0,0,0,0,0,0,0,0,0,0,0,0,0,0,0,0,0,0,0,0,0,0,52.4,0,0,0,0,52.4,0,0,0,52.4,0,0,0,0,0,0,0,0,52.4,0,0,0,0,0,0,0,0,0,0,0,0,0,0,733.6,0,52.4,1152.8,1676.8,52.4,1519.6,0,0,0,0,0,0,0,0,0,209.6,0,0,0,209.6,0
1-Oct,0,0,0,0,0,0,52.4,0,0,0,0,0,0,0,0,0,0,0,0,0,0,0,0,0,0,0,0,52.4,0,0,0,0,0,0,0,0,0,0,0,52.4,0,0,0,0,0,0,0,0,0,0,0,0,0,0,0,366.8,0,52.4,419.2,995.6,104.8,209.6,0,0,0,0,0,0,0,0,0,419.2,0,0,419.2,209.6,0
1-Nov,0,0,0,0,0,0,0,0,0,0,0,0,0,0,0,0,0,0,0,0,0,0,0,0,0,0,0,0,0,0,0,0,0,0,0,0,0,0,0,0,0,0,0,0,0,0,0,0,0,0,0,0,0,0,0,157.2,0,0,209.6,733.6,0,104.8,0,0,0,0,0,0,0,0,0,0,0,0,104.8,209.6,0
1-Dec,0,0,0,0,0,0,52.4,0,0,0,0,0,0,0,0,0,0,0,0,0,0,0,0,0,0,0,0,0,0,0,0,0,0,0,0,0,0,0,0,0,0,0,0,0,0,0,0,0,0,0,0,0,0,0,0,104.8,0,0,52.4,681.2,0,262,0,0,0,0,0,0,0,0,0,0,0,0,262,104.8,0
2-Jan,0,0,0,0,0,0,0,0,0,0,0,0,52.4,0,0,0,0,0,0,0,157.2,0,0,0,0,0,0,0,0,0,0,0,0,0,0,0,0,0,52.4,0,0,0,0,0,52.4,0,0,0,0,0,0,0,0,0,0,104.8,0,52.4,262,1257.6,0,157.2,0,0,0,0,0,0,0,0,0,209.6,0,0,52.4,52.4,0
2-Feb,0,0,0,0,0,0,0,0,0,0,0,0,0,0,0,0,0,0,0,0,52.4,0,0,0,0,0,0,0,0,0,0,0,0,0,0,0,0,0,0,0,104.8,0,0,0,0,0,0,0,0,0,0,0,0,0,0,419.2,0,52.4,366.8,943.2,104.8,366.8,0,0,0,0,0,0,0,0,0,0,0,0,366.8,157.2,0
2-Mar,0,0,0,0,0,0,52.4,0,0,0,0,0,0,0,0,0,0,0,0,0,0,0,52.4,0,52.4,0,0,52.4,0,0,0,0,0,0,0,0,0,0,104.8,0,471.6,0,0,0,0,0,0,0,0,0,0,0,0,0,0,995.6,0,104.8,5868.8,1257.6,419.2,1362.4,0,0,0,52.4,0,0,0,0,0,157.2,0,0,262,52.4,52.4
2-Apr,0,0,0,0,52.4,0,52.4,0,0,0,0,0,52.4,0,0,0,0,0,0,0,0,0,0,0,0,0,0,157.2,0,0,0,0,0,0,0,0,0,0,0,52.4,209.6,0,0,0,0,0,0,0,0,0,0,0,0,0,0,733.6,0,0,2096,3720.4,1362.4,1938.8,52.4,0,0,0,0,104.8,0,0,0,262,0,0,0,52.4,0
2-May,0,0,0,0,0,0,0,0,0,0,0,0,0,0,0,0,0,0,0,0,0,0,0,0,52.4,0,0,104.8,0,0,0,0,0,0,0,0,0,0,0,0,0,0,0,0,0,0,0,0,0,0,0,0,0,0,0,524,0,52.4,471.6,1624.4,0,1362.4,52.4,0,0,0,0,0,0,0,0,0,0,52.4,157.2,262,0
2-Jun,0,0,0,0,0,0,0,0,0,0,0,52.4,0,0,0,0,0,0,0,52.4,0,0,0,0,52.4,0,0,0,0,0,0,0,0,0,0,0,0,0,0,0,0,0,0,0,0,0,0,0,0,0,0,0,52.4,0,0,262,0,0,52.4,262,157.2,786,0,0,0,0,0,0,0,0,0,104.8,0,0,52.4,0,0
2-Jul,0,0,0,0,0,0,104.8,0,0,0,0,0,0,0,0,0,0,52.4,0,0,52.4,0,0,0,0,0,0,104.8,0,0,0,0,0,0,0,0,0,0,0,0,0,0,0,0,0,0,52.4,0,0,0,0,0,104.8,0,0,419.2,0,157.2,52.4,995.6,52.4,890.8,0,0,0,0,0,0,0,0,0,52.4,0,52.4,209.6,0,0
2-Aug,0,0,0,0,0,0,0,0,0,0,0,0,0,0,0,0,0,0,0,0,0,0,0,0,0,0,0,0,0,0,0,0,0,0,0,0,0,0,0,0,0,0,0,0,0,0,0,0,0,0,0,0,0,0,0,524,0,157.2,628.8,733.6,104.8,890.8,0,0,0,0,0,0,0,0,0,157.2,52.4,104.8,52.4,52.4,0
2-Sep,0,0,0,0,0,0,157.2,0,0,0,0,0,0,0,0,0,0,52.4,0,0,0,0,0,0,0,0,0,52.4,0,0,0,0,0,0,0,0,0,0,157.2,0,104.8,0,0,0,0,0,0,0,0,0,0,0,0,0,0,890.8,0,209.6,838.4,3091.6,314.4,1257.6,0,0,0,0,0,0,0,0,0,314.4,0,52.4,157.2,0,0
2-Oct,0,0,0,0,0,0,0,0,0,0,0,0,0,0,0,0,0,0,0,0,0,0,0,0,0,0,0,262,0,0,0,0,0,0,0,0,0,0,104.8,104.8,0,0,0,0,52.4,0,0,0,0,0,0,0,0,0,0,524,0,262,1257.6,2305.6,209.6,1938.8,0,0,0,0,0,0,0,0,0,419.2,0,0,209.6,0,0
2-Nov,0,0,0,0,0,0,0,0,0,0,0,0,0,0,0,0,0,52.4,0,0,0,0,0,0,0,0,0,157.2,0,0,0,0,0,0,0,0,0,0,52.4,0,0,0,0,0,0,0,0,0,0,0,0,0,0,0,0,209.6,0,0,1257.6,838.4,995.6,995.6,0,0,0,0,0,0,0,0,0,262,0,157.2,0,0,0
2-Dec,0,0,0,0,0,0,262,0,0,0,52.4,0,0,0,0,52.4,0,157.2,0,0,0,0,0,0,0,0,0,366.8,0,0,0,0,0,0,0,0,52.4,0,262,0,52.4,0,0,0,0,0,0,0,0,0,0,0,104.8,0,0,1572,0,262,681.2,2096,681.2,1152.8,0,0,0,0,0,0,0,0,0,209.6,0,0,52.4,0,0
3-Jan,0,0,0,0,0,0,471.6,0,0,0,0,52.4,0,0,0,52.4,104.8,104.8,0,0,0,0,0,0,0,0,0,209.6,0,0,0,0,0,0,0,0,0,0,0,0,104.8,0,0,0,0,52.4,0,0,0,0,0,0,0,0,0,2043.6,0,157.2,2882,2462.8,11685.2,2358,52.4,0,0,0,0,52.4,0,0,0,104.8,0,262,104.8,157.2,52.4
3-Feb,0,0,0,0,0,0,52.4,0,0,0,0,0,0,0,0,0,0,0,52.4,0,0,0,0,0,0,0,0,0,0,0,0,0,0,0,0,52.4,0,0,0,0,0,0,0,0,0,0,0,0,0,0,0,0,0,0,0,0,0,52.4,1729.2,1152.8,157.2,628.8,0,0,0,0,0,0,0,0,0,0,0,0,0,0,0
3-Mar,52.4,0,0,0,0,0,0,0,0,0,0,0,0,0,0,0,0,0,0,0,0,0,0,0,0,0,0,262,0,0,0,0,0,0,0,0,0,0,0,0,0,0,0,0,52.4,0,52.4,0,0,0,0,0,0,0,0,262,0,52.4,20226.4,3248.8,52.4,2724.8,0,0,0,0,0,52.4,0,0,0,0,52.4,52.4,0,0,0
3-Apr,0,0,0,0,0,0,0,0,0,0,0,0,0,0,0,0,0,0,0,0,0,0,0,0,0,0,0,104.8,0,0,0,0,0,0,0,0,0,0,0,0,0,0,0,0,0,0,0,0,0,0,0,0,0,0,0,209.6,0,0,5135.2,3406,0,1100.4,0,0,0,0,0,52.4,0,0,0,0,0,0,0,0,0
3-May,0,0,0,104.8,0,0,0,0,0,0,0,0,0,0,0,0,0,0,0,0,0,0,0,0,0,0,0,366.8,0,0,0,0,0,0,0,0,0,0,0,0,104.8,0,0,0,52.4,0,0,0,0,0,0,0,0,0,0,314.4,0,52.4,7755.2,6183.2,104.8,2253.2,0,0,0,0,0,157.2,0,0,0,0,52.4,0,0,0,0
3-Jun,0,0,0,0,0,0,0,0,0,0,0,0,0,0,0,0,0,0,0,0,0,0,0,0,0,0,0,104.8,0,0,0,0,0,0,0,0,0,0,0,0,0,0,0,0,0,0,0,0,0,0,52.4,0,0,0,0,52.4,0,0,2253.2,4139.6,52.4,995.6,0,0,0,0,0,0,0,0,0,0,0,0,0,0,0
3-Jul,0,0,0,0,52.4,0,0,52.4,0,52.4,0,0,0,0,0,0,0,52.4,0,0,52.4,0,0,0,0,0,0,104.8,0,0,0,0,0,0,0,0,0,0,0,0,157.2,0,0,0,0,0,0,0,0,0,0,52.4,0,0,157.2,419.2,0,0,995.6,2462.8,104.8,1100.4,0,0,0,0,0,0,0,0,0,0,0,52.4,0,0,0
3-Aug,0,0,0,0,0,0,0,0,0,0,0,0,0,0,0,0,0,104.8,0,0,0,0,0,0,0,0,0,419.2,0,0,0,0,0,0,0,0,0,0,0,0,0,0,0,0,52.4,0,0,0,0,0,0,262,0,0,0,681.2,0,52.4,419.2,1048,0,628.8,0,0,0,0,0,0,0,0,0,0,0,52.4,0,0,0
3-Sep,0,0,0,52.4,0,0,52.4,0,0,0,0,52.4,0,0,0,0,0,0,0,0,209.6,0,0,0,0,0,0,628.8,0,0,0,0,0,0,0,0,0,0,0,0,0,0,0,0,0,104.8,0,0,0,0,0,52.4,0,0,0,890.8,0,52.4,2462.8,1519.6,262,838.4,0,0,0,0,0,52.4,0,0,0,0,0,0,0,0,0
3-Oct,0,0,0,0,0,0,0,0,0,0,0,0,0,0,0,0,0,0,0,0,0,0,0,0,0,0,0,0,0,0,0,0,0,0,0,0,0,0,0,0,0,0,0,0,0,0,0,0,0,0,0,0,0,0,0,471.6,0,52.4,262,366.8,52.4,157.2,0,0,0,0,0,0,0,0,0,0,52.4,0,52.4,0,0
3-Nov,0,0,0,0,0,0,104.8,0,0,0,0,0,0,0,0,0,0,0,0,0,0,0,0,0,0,0,0,157.2,0,52.4,0,52.4,0,0,0,0,0,52.4,0,0,0,52.4,0,0,0,0,104.8,0,0,0,0,209.6,52.4,0,0,1781.6,0,0,5711.6,2305.6,1938.8,943.2,0,0,52.4,0,0,52.4,0,0,0,52.4,0,0,0,0,0
3-Dec,0,0,0,0,0,0,0,0,0,0,52.4,0,0,0,0,0,0,0,0,0,0,0,0,0,0,0,0,104.8,0,0,0,0,0,0,0,0,0,0,0,0,52.4,0,0,0,0,0,0,0,0,0,0,314.4,0,0,0,838.4,0,209.6,2620,2934.4,733.6,943.2,0,0,0,0,0,104.8,0,0,0,0,0,0,0,0,0
4-Jan,0,0,0,0,0,0,0,0,0,0,0,0,0,0,0,0,0,0,0,0,0,0,0,0,0,0,0,52.4,0,0,0,0,0,0,0,0,0,0,0,0,52.4,0,0,0,0,0,262,0,0,0,0,157.2,52.4,0,0,681.2,0,52.4,1729.2,733.6,471.6,943.2,0,0,0,0,0,0,0,0,0,52.4,0,0,0,0,0
4-Feb,0,0,0,0,0,0,157.2,0,0,0,0,0,0,0,0,0,0,52.4,0,0,0,52.4,0,0,0,0,0,104.8,0,0,52.4,0,0,0,0,104.8,0,0,104.8,0,52.4,0,0,0,0,0,104.8,0,0,0,0,104.8,0,0,0,628.8,0,209.6,471.6,1100.4,262,1572,0,0,0,0,0,52.4,0,0,0,0,0,104.8,0,0,52.4
4-May,0,0,0,0,0,0,0,0,0,0,0,0,0,0,0,0,0,0,0,0,0,0,0,0,0,0,0,52.4,0,0,0,0,0,0,0,52.4,0,0,0,0,0,0,0,0,0,0,0,0,0,0,0,0,0,0,0,366.8,0,104.8,524,1048,419.2,628.8,0,0,0,0,0,0,0,0,0,52.4,0,0,0,0,0
Set04,0,0,0,0,0,0,104.8,0,0,0,0,0,0,0,0,0,0,314.4,0,0,0,0,0,0,0,0,52.4,52.4,0,0,0,0,0,0,0,0,0,0,0,0,0,0,0,0,0,0,0,0,0,0,0,52.4,0,0,0,157.2,0,52.4,314.4,733.6,52.4,786,0,0,0,0,0,52.4,0,0,52.4,0,104.8,0,52.4,0,0
5-Feb,0,0,0,0,0,0,0,0,0,52.4,0,0,0,0,0,0,0,52.4,0,0,0,0,0,0,0,0,0,157.2,0,0,0,0,0,0,0,0,0,0,0,0,0,0,0,0,0,0,0,0,0,0,0,52.4,0,0,52.4,0,0,104.8,786,1257.6,209.6,1152.8,0,0,0,0,0,0,0,0,0,157.2,0,104.8,0,0,0
5-May,0,0,0,0,0,0,0,0,0,0,0,52.4,0,0,0,0,52.4,0,0,0,0,0,52.4,0,0,0,0,104.8,0,0,0,0,0,0,0,0,0,0,0,104.8,0,0,0,0,0,0,52.4,0,0,0,0,157.2,0,0,0,262,0,52.4,6288,7702.8,104.8,1729.2,0,0,0,0,0,0,0,0,0,52.4,52.4,0,0,0,0
Set05,0,0,0,0,0,0,52.4,0,0,0,0,0,0,0,0,0,0,0,0,0,157.2,52.4,0,0,0,0,0,209.6,0,0,0,0,0,0,0,0,0,0,0,0,52.4,0,0,0,0,0,0,0,0,0,0,0,0,0,0,628.8,0,0,1152.8,1362.4,52.4,943.2,0,0,0,52.4,0,0,0,0,0,0,0,0,0,0,0
6-Feb,0,0,0,0,0,0,157.2,0,0,0,0,0,0,0,52.4,0,0,157.2,0,0,0,0,0,0,0,0,0,52.4,0,0,0,0,0,0,0,0,0,0,0,0,104.8,0,0,0,157.2,0,0,0,0,0,0,52.4,157.2,0,0,786,0,104.8,628.8,995.6,104.8,4611.2,0,0,0,0,0,0,0,0,0,52.4,0,0,0,0,0
6-May,0,0,0,0,0,0,0,0,0,0,0,0,0,0,0,0,0,0,0,0,0,0,0,0,0,0,0,0,0,0,0,0,0,0,0,52.4,0,0,0,0,52.4,0,0,0,0,0,0,0,0,0,0,0,0,0,0,262,0,52.4,1362.4,3615.6,104.8,1624.4,0,0,0,0,0,0,0,0,0,0,104.8,0,0,0,0
Set06,0,0,0,0,0,0,52.4,0,0,0,0,0,0,0,0,0,0,52.4,0,0,0,0,0,0,0,0,0,52.4,0,0,0,0,0,0,0,0,0,0,0,0,0,0,0,0,0,0,0,0,0,0,0,209.6,0,0,0,209.6,0,52.4,733.6,995.6,314.4,1991.2,0,0,0,0,0,0,0,0,0,52.4,0,0,0,0,0
7-Feb,0,0,0,0,0,0,104.8,0,0,0,0,0,0,0,0,0,0,0,0,0,0,0,0,0,0,0,0,104.8,0,0,0,0,0,0,0,0,0,0,52.4,0,0,0,0,0,52.4,0,0,0,0,0,0,0,0,0,0,262,0,209.6,3248.8,3563.2,1048,1991.2,0,0,0,0,0,0,0,0,0,52.4,52.4,0,0,0,0
7-May,0,0,0,0,0,0,104.8,0,0,0,0,0,0,0,0,0,0,52.4,0,52.4,0,0,104.8,0,0,0,0,209.6,0,0,0,0,0,0,0,0,0,52.4,0,0,0,0,0,0,0,0,52.4,0,0,0,0,0,0,0,0,366.8,0,0,943.2,1781.6,157.2,2672.4,0,0,0,0,0,0,0,0,0,104.8,0,0,0,0,0
Set07,0,0,0,0,0,0,0,0,0,0,0,0,0,0,0,0,0,104.8,0,0,0,0,0,0,0,0,0,0,0,0,0,0,0,0,0,0,0,0,0,0,0,0,0,0,0,0,0,0,0,0,0,0,0,0,0,104.8,0,104.8,0,890.8,52.4,786,0,0,0,0,0,0,0,0,0,104.8,838.4,0,0,0,0
8-Feb,0,0,0,0,0,0,0,0,0,0,0,0,0,0,0,0,0,0,0,0,0,0,0,0,0,0,0,104.8,0,0,0,0,0,0,0,0,0,0,0,0,0,0,0,0,0,0,0,0,0,0,0,209.6,0,0,0,419.2,0,0,576.4,995.6,52.4,628.8,0,0,0,0,0,0,0,0,0,104.8,0,104.8,262,0,0
8-May,0,0,0,0,0,0,52.4,0,0,0,0,0,0,0,0,0,0,52.4,0,0,157.2,0,0,0,0,0,0,0,0,0,0,52.4,0,0,0,0,0,104.8,0,0,52.4,0,0,0,0,0,0,0,0,0,0,52.4,0,52.4,0,471.6,0,0,1572,1886.4,209.6,2043.6,0,0,0,0,52.4,0,0,0,0,366.8,52.4,0,0,0,0
Set08,0,0,0,0,0,0,52.4,0,0,0,0,0,0,0,0,0,0,104.8,0,0,0,0,0,0,0,0,0,157.2,0,0,0,0,0,0,0,0,0,52.4,0,0,0,0,0,0,0,0,0,0,0,0,0,0,0,0,0,419.2,0,52.4,2410.4,3196.4,0,733.6,0,0,0,0,0,0,0,0,0,104.8,471.6,0,52.4,0,0
9-Feb,0,0,0,0,0,0,0,0,0,0,0,0,0,0,0,0,0,0,0,0,0,0,0,0,0,0,0,0,0,0,0,0,0,0,0,0,0,0,0,0,0,0,0,0,0,0,0,0,0,0,0,0,0,0,0,52.4,0,52.4,366.8,1205.2,0,366.8,0,0,0,0,0,0,0,0,0,104.8,0,0,104.8,0,0
9-May,0,0,0,0,0,0,0,0,0,0,0,0,0,0,0,0,0,0,0,0,0,0,0,0,0,0,0,262,0,0,0,0,0,0,0,0,0,0,0,0,471.6,0,0,0,0,0,157.2,0,0,0,0,0,0,0,0,1467.2,0,104.8,681.2,2043.6,52.4,2148.4,0,0,104.8,0,0,0,0,0,0,104.8,0,0,0,52.4,0
9-Sep,0,0,0,0,0,0,0,0,0,0,0,0,0,0,0,0,0,0,0,0,0,0,0,0,0,0,0,0,0,0,0,0,0,0,0,0,0,0,0,0,0,0,0,0,0,0,0,0,0,0,0,0,0,0,0,104.8,0,0,104.8,157.2,0,209.6,0,0,104.8,0,0,0,0,0,0,0,0,0,0,0,0
10-Feb,0,0,0,0,0,0,0,0,0,0,0,0,0,0,0,0,0,0,0,52.4,0,0,0,0,0,0,0,104.8,52.4,0,0,0,0,0,0,0,0,104.8,0,0,52.4,0,0,0,0,0,0,0,0,0,0,0,0,0,0,209.6,0,0,314.4,419.2,52.4,890.8,0,0,0,0,0,0,0,0,0,0,0,0,0,0,0
10-May,0,0,0,0,0,0,0,0,0,0,0,0,0,0,0,0,0,0,0,0,0,0,0,0,0,0,0,52.4,0,0,0,0,0,0,0,0,0,0,0,0,0,0,0,0,0,0,0,0,0,0,0,0,0,0,0,209.6,0,0,0,366.8,0,314.4,0,0,0,0,0,0,0,0,0,104.8,52.4,0,0,0,0
10-Sep,0,0,0,0,0,0,0,0,0,0,0,0,0,0,0,0,0,0,0,0,0,0,0,0,0,0,0,0,0,0,0,0,0,0,0,0,0,0,0,0,0,0,0,0,0,0,0,0,0,0,0,0,0,0,0,0,0,0,0,52.4,0,0,0,0,0,0,0,0,0,0,0,0,0,0,0,0,0
11-Feb,0,0,0,0,0,0,0,0,52.4,0,0,0,0,0,0,0,0,0,0,0,0,0,0,0,0,0,0,0,0,0,0,0,0,0,0,0,0,0,0,0,0,0,0,0,0,0,0,0,0,0,0,52.4,0,0,0,314.4,0,0,52.4,1572,104.8,1310,0,0,0,0,0,0,104.8,0,0,104.8,0,0,209.6,262,0
11-May,0,0,0,0,0,0,0,0,0,0,0,0,0,0,0,0,0,0,0,0,0,0,0,0,0,0,0,52.4,0,0,0,0,0,52.4,0,0,0,0,0,0,0,0,0,0,0,0,0,0,0,0,0,0,0,0,0,0,0,52.4,262,419.2,0,576.4,0,0,0,0,0,0,0,0,0,0,0,0,0,0,0
11-Sep,0,0,0,0,0,0,52.4,0,0,0,0,0,0,0,0,0,0,0,0,0,0,0,0,0,0,0,0,0,0,0,0,0,0,0,0,0,0,0,0,0,52.4,0,0,0,0,0,0,0,0,0,0,0,0,0,0,157.2,0,0,157.2,157.2,0,209.6,0,52.4,52.4,0,0,0,0,0,0,0,0,0,0,0,0
12-Feb,0,0,0,0,0,0,104.8,0,0,0,0,0,0,0,0,0,0,0,0,0,0,0,0,0,0,0,52.4,0,0,0,0,0,0,0,52.4,0,0,52.4,0,0,157.2,0,0,0,0,0,104.8,0,0,0,0,0,0,0,0,576.4,0,52.4,2829.6,262,0,733.6,0,0,0,0,0,0,0,0,0,0,0,0,52.4,0,0
12-May,0,0,0,0,0,0,0,0,52.4,0,0,0,0,0,0,0,0,52.4,0,0,0,0,0,0,0,0,0,0,0,0,0,0,0,0,0,0,0,0,0,0,0,0,0,0,0,0,0,0,0,0,0,0,0,0,0,104.8,0,0,0,157.2,0,52.4,0,0,0,0,0,0,0,0,0,0,0,0,0,0,0
Set12,0,0,0,0,0,0,104.8,104.8,0,104.8,0,0,0,0,0,0,0,0,0,0,0,0,0,0,0,0,0,52.4,0,0,0,0,0,0,0,0,0,0,0,0,157.2,262,0,0,0,0,0,157.2,0,0,0,52.4,0,0,52.4,1152.8,0,209.6,366.8,1362.4,0,471.6,0,0,0,0,0,0,0,0,0,104.8,0,0,0,0,0
13-Feb,0,0,0,0,0,0,0,0,0,0,0,0,0,0,0,0,0,0,0,0,0,0,0,0,0,0,0,0,0,0,0,0,0,0,0,0,0,0,0,0,0,0,0,0,0,0,0,0,0,0,0,0,0,0,0,104.8,0,0,157.2,209.6,0,262,0,0,0,0,0,104.8,0,0,0,0,0,0,0,0,0
13-May,0,0,0,0,0,0,0,0,0,0,0,0,0,0,0,0,0,0,0,0,0,0,0,0,0,0,0,0,0,0,0,0,0,0,0,0,0,0,0,0,52.4,0,0,0,0,0,0,0,0,0,0,0,0,0,0,471.6,0,0,262,419.2,0,314.4,0,0,0,0,0,0,0,0,0,104.8,0,0,0,0,52.4
Set13,52.4,0,0,0,0,0,0,0,0,0,0,52.4,0,0,0,0,0,0,0,0,0,0,0,0,0,0,0,157.2,0,0,0,0,0,0,0,0,0,52.4,0,0,104.8,0,0,0,0,0,52.4,0,0,0,0,0,0,0,0,314.4,0,52.4,1205.2,366.8,0,628.8,0,0,0,0,0,0,0,0,0,104.8,0,0,0,0,0
14-Feb,0,0,0,0,0,0,0,0,0,0,0,0,0,0,0,0,0,0,0,0,0,0,0,0,0,0,0,0,0,0,0,0,0,0,0,0,0,0,0,0,0,0,0,0,0,0,0,0,0,0,0,0,0,0,0,104.8,0,52.4,262,52.4,0,157.2,0,0,0,0,0,0,0,0,0,0,0,0,0,0,0
14-May,0,0,0,0,0,0,0,0,0,0,0,0,0,0,0,0,0,0,0,0,0,0,0,0,0,0,0,52.4,0,0,0,0,0,0,0,0,0,0,0,0,0,0,0,0,0,0,0,0,0,0,0,0,0,0,0,52.4,0,0,209.6,262,0,157.2,0,0,0,0,0,0,0,0,0,0,0,0,0,0,52.4
15-Feb,0,0,0,0,0,0,0,0,0,0,0,0,0,0,0,0,0,0,0,0,0,0,0,0,0,0,0,0,0,0,0,0,0,0,0,0,0,0,0,0,0,0,0,0,0,0,0,0,0,0,0,0,0,0,0,0,0,52.4,0,157.2,0,0,0,0,0,0,0,0,0,0,0,0,104.8,0,0,0,0
15-May,0,0,0,0,0,0,0,0,0,0,0,0,0,0,0,0,0,0,0,0,0,0,0,0,0,0,0,0,0,0,0,0,0,0,0,0,0,0,0,0,0,0,0,0,0,0,0,0,0,0,0,0,0,52.4,0,52.4,0,0,104.8,209.6,0,104.8,0,0,0,0,0,0,0,0,0,0,0,0,0,0,0
Set15,0,0,0,0,0,0,0,0,0,0,0,0,0,0,0,0,0,0,0,0,0,0,0,0,0,0,0,0,0,0,0,0,0,0,0,0,0,0,0,0,0,0,0,0,0,0,0,0,0,0,0,0,0,0,0,52.4,0,0,0,157.2,0,157.2,0,0,0,0,0,0,0,0,0,0,0,0,0,0,0
16-Feb,0,0,0,0,0,0,0,0,0,0,0,0,0,0,0,0,0,0,0,0,0,0,0,0,0,0,0,0,0,0,0,0,0,0,0,0,0,0,0,0,0,0,0,0,0,0,0,0,0,0,0,52.4,0,0,0,209.6,0,52.4,52.4,262,0,314.4,0,0,0,0,0,0,0,0,0,52.4,0,0,0,0,0
16-May,0,0,0,0,0,0,0,0,0,0,0,0,0,0,0,0,0,0,0,0,0,0,0,0,0,0,0,0,0,0,0,0,0,0,0,0,0,0,0,0,0,0,0,0,0,0,0,0,0,0,0,52.4,0,0,0,0,0,0,0,104.8,0,104.8,0,0,0,0,0,0,0,0,0,52.4,0,0,0,0,0
Set16,0,0,0,0,0,0,0,0,0,0,0,0,0,0,0,0,0,0,0,0,0,0,0,0,0,0,0,52.4,0,0,0,0,0,0,0,0,0,0,0,0,0,0,0,0,0,0,0,0,0,0,0,0,104.8,0,0,157.2,0,0,0,209.6,0,157.2,0,0,0,0,0,0,0,0,0,52.4,0,0,0,0,0
